Base-Editor,SNP-Site,Strand,Designed-sgRNA,PAM,Pred-Efficiency,Predicted-Editing-Outcomes,Pred-Proportion,pred_abs_freq
YE1-BE4max-SpRY,CLINVARREF_37184_6C*8A_AGAG,+,GGGGTCGAGGGAAATCCTAT,AGAG,0.6903,GGGGTTGAGGGAAATCCTAT,0.9875,0.6816712500000001
YE1-BE4max-SpRY,CLINVARREF_38342_6C*8A_AAGA,+,TGAGTCGAGGTGACTGGTAC,AAGA,0.5518,TGAGTTGAGGTGACTGGTAC,0.9801,0.54081918
YE1-BE4max-SpRY,CLINVARREF_38342_6C*8A_AAGA,+,TGAGTCGAGGTGACTGGTAC,AAGA,0.5518,TGAGTTGGGGTGACTGGTAC,0.0106,0.0058490799999999996
YE1-BE4max-SpRY,CLINVARREF_37480_4A*6C*8A_AGAA,+,GTGATCGAGAAGCTAATGAA,AGAA,0.5276,GTGATTGAGAAGCTAATGAA,0.9862,0.5203191199999999
YE1-BE4max-SpRY,CLINVARREF_39123_4A*6C*7A_AATG,+,AGCATCAGAAGTCACACAAG,AATG,0.4716,AGCATTAGAAGTCACACAAG,0.9974,0.47037384
YE1-BE4max-SpRY,CLINVARREF_37646_6C*8A_TACC,+,GCAGTCGAGGTCACTGGAAC,TACC,0.4283,GCAGTTGAGGTCACTGGAAC,0.993,0.4253019
YE1-BE4max-SpRY,CLINVARREF_36980_6C_AGCT,+,CATGTCGGAGAAGTTCAGTG,AGCT,0.4281,CATTGTGGAGAAGTTCAGTG,0.0068,0.00291108
YE1-BE4max-SpRY,CLINVARREF_36980_6C_AGCT,+,CATGTCGGAGAAGTTCAGTG,AGCT,0.4281,CATGTTGAAGAAGTTCAGTG,0.0054,0.00231174
YE1-BE4max-SpRY,CLINVARREF_36980_6C_AGCT,+,CATGTCGGAGAAGTTCAGTG,AGCT,0.4281,CATGTTGGAGAAGTTCAGTG,0.9733,0.41666973
YE1-BE4max-SpRY,CLINVARREF_36772_6C*8A_AAGA,+,GAGTTCGACGAGGTTCTCAG,AAGA,0.4163,GAGTTTGACGAGGTTCTCAG,0.9842,0.40972246
YE1-BE4max-SpRY,CLINVARREF_36772_6C*8A_AAGA,+,GAGTTCGACGAGGTTCTCAG,AAGA,0.4163,GAGCTTGACGAGGTTCTCAG,0.0083,0.00345529
YE1-BE4max-SpRY,CLINVARREF_40987_6C*7A_CATG,+,AGAGTCAGCCATCATACTGA,CATG,0.3767,AGATTTAGCCATCATACTGA,0.0092,0.00346564
YE1-BE4max-SpRY,CLINVARREF_40987_6C*7A_CATG,+,AGAGTCAGCCATCATACTGA,CATG,0.3767,AGAGTTAGCCATCATACTGA,0.9731,0.36656677
YE1-BE4max-SpRY,CLINVARREF_40987_6C*7A_CATG,+,AGAGTCAGCCATCATACTGA,CATG,0.3767,AGAGCTAGCCATCATACTGA,0.0093,0.0035033099999999995
YE1-BE4max-SpRY,CLINVARREF_39016_6C*7A_CACG,+,TCCTTCAGGTGGGTGTTCTG,CACG,0.3698,TCCTTTAGGTGGGTGTTCTG,0.99,0.36610200000000004
YE1-BE4max-SpRY,CLINVARREF_39016_6C*7A_CACG,+,TCCTTCAGGTGGGTGTTCTG,CACG,0.3698,TCCCTTAGGTGGGTGTTCTG,0.0075,0.0027735
YE1-BE4max-SpRY,CLINVARREF_42391_6C*8A_AAAC,+,TGGTTCGAGGACCTGGGATC,AAAC,0.3345,TGGTTTGAGGACCTGGGATC,0.9967,0.33339615
YE1-BE4max-SpRY,CLINVARREF_43325_6C*8A_TACG,+,GCCTTCGAGCAGATGCACTT,TACG,0.3283,GCCTTTGAGCAGATGCACTT,0.9805,0.32189815
YE1-BE4max-SpRY,CLINVARREF_43325_6C*8A_TACG,+,GCCTTCGAGCAGATGCACTT,TACG,0.3283,GCCCTTGAGCAGATGCACTT,0.0096,0.0031516799999999996
YE1-BE4max-SpRY,CLINVARREF_39412_6C*8A_TACG,+,GCCTTCGAGAATGTGAGCTC,TACG,0.3216,GCCTTTGAGAATGTGAGCTC,0.9478,0.30481248
YE1-BE4max-SpRY,CLINVARREF_39412_6C*8A_TACG,+,GCCTTCGAGAATGTGAGCTC,TACG,0.3216,GCCCTTGAGAATGTGAGCTC,0.0303,0.00974448
YE1-BE4max-SpRY,CLINVARREF_40211_6C*8A_GATG,+,TTATTCGAATGGAGAAAGAT,GATG,0.3146,TTATTTGAATGGAGAAAGAT,0.9923,0.31217757999999995
YE1-BE4max-SpRY,CLINVARREF_37011_5A*6C_CACC,+,ACTTACGGGTCCACCCTCAT,CACC,0.299,ACTTATGGGTCCACCCTCAT,0.9847,0.2944253
YE1-BE4max-SpRY,CLINVARREF_42341_4A*5A*6C_CAAG,+,ATGAACGGAGAAAGATCCTT,CAAG,0.2959,ATGAATGAAGAAAGATCCTT,0.0054,0.00159786
YE1-BE4max-SpRY,CLINVARREF_42341_4A*5A*6C_CAAG,+,ATGAACGGAGAAAGATCCTT,CAAG,0.2959,ATGAATGGAGAAAGATCCTT,0.9869,0.29202371
YE1-BE4max-SpRY,CLINVARREF_43712_5A*6C*7A_GAGA,+,AATTACAGAAAGCAGTTGAA,GAGA,0.2809,AATTATAGAAAGCAGTTGAA,0.9965,0.27991685
YE1-BE4max-SpRY,CLINVARREF_38293_6C_TGTC,+,TGAGTCGGTCCAGTAGAGTT,TGTC,0.2201,TGAGTTGTTCCAGTAGAGTT,0.0128,0.00281728
YE1-BE4max-SpRY,CLINVARREF_38293_6C_TGTC,+,TGAGTCGGTCCAGTAGAGTT,TGTC,0.2201,TGAGTTGGTCCAGTAGAGTT,0.9714,0.21380514
YE1-BE4max-SpRY,CLINVARREF_39820_6C*7A_TGTT,+,GGTGTCATTGGTGGTCATCA,TGTT,0.2181,GGTGTTATTGGTGGTCATCA,0.9901,0.21594080999999998
YE1-BE4max-SpRY,CLINVARREF_38217_6C_TGTA,+,CAGTTCTGGCCAATCCTGTC,TGTA,0.1661,CAGTTTTGGCCAATCCTGTC,0.9959,0.16541899
YE1-BE4max-SpRY,CLINVARREF_37014_4A*5A*6C_TGCC,+,AGGAACGGCTAGAGTGAGTG,TGCC,0.1368,AGGAATGACTAGAGTGAGTG,0.012,0.0016416
YE1-BE4max-SpRY,CLINVARREF_37014_4A*5A*6C_TGCC,+,AGGAACGGCTAGAGTGAGTG,TGCC,0.1368,AGGAATGGCTAGAGTGAGTG,0.9619,0.13158792
YE1-BE4max-SpRY,CLINVARREF_37014_4A*5A*6C_TGCC,+,AGGAACGGCTAGAGTGAGTG,TGCC,0.1368,AGGATTGGCTAGAGTGAGTG,0.0098,0.00134064
