ref-id,ref-seq
CLINVARREF_36980_6C_AGCT,CATGTCGGAGAAGTTCAGTGAGCT
CLINVARREF_40211_6C*8A_GATG,TTATTCGAATGGAGAAAGATGATG
CLINVARREF_37184_6C*8A_AGAG,GGGGTCGAGGGAAATCCTATAGAG
CLINVARREF_37646_6C*8A_TACC,GCAGTCGAGGTCACTGGAACTACC
CLINVARREF_39820_6C*7A_TGTT,GGTGTCATTGGTGGTCATCATGTT
CLINVARREF_36772_6C*8A_AAGA,GAGTTCGACGAGGTTCTCAGAAGA
CLINVARREF_37480_4A*6C*8A_AGAA,GTGATCGAGAAGCTAATGAAAGAA
CLINVARREF_42341_4A*5A*6C_CAAG,ATGAACGGAGAAAGATCCTTCAAG
CLINVARREF_38342_6C*8A_AAGA,TGAGTCGAGGTGACTGGTACAAGA
CLINVARREF_42391_6C*8A_AAAC,TGGTTCGAGGACCTGGGATCAAAC
CLINVARREF_39016_6C*7A_CACG,TCCTTCAGGTGGGTGTTCTGCACG
CLINVARREF_37014_4A*5A*6C_TGCC,AGGAACGGCTAGAGTGAGTGTGCC
CLINVARREF_38293_6C_TGTC,TGAGTCGGTCCAGTAGAGTTTGTC
CLINVARREF_43325_6C*8A_TACG,GCCTTCGAGCAGATGCACTTTACG
CLINVARREF_37011_5A*6C_CACC,ACTTACGGGTCCACCCTCATCACC
CLINVARREF_43712_5A*6C*7A_GAGA,AATTACAGAAAGCAGTTGAAGAGA
CLINVARREF_38217_6C_TGTA,CAGTTCTGGCCAATCCTGTCTGTA
CLINVARREF_39123_4A*6C*7A_AATG,AGCATCAGAAGTCACACAAGAATG
CLINVARREF_40987_6C*7A_CATG,AGAGTCAGCCATCATACTGACATG
CLINVARREF_39412_6C*8A_TACG,GCCTTCGAGAATGTGAGCTCTACG
